"No.","Class","Name","Icon Path","Shadow","Scope","Added with"
"1.","b_air","Helicopter","\A3\ui_f\data\map\markers\nato\b_air.paa","YES","2",""
"2.","b_antiair","Anti-Air","\A3\ui_f\data\map\markers\nato\b_antiair.paa","YES","2",""
"3.","b_armor","Armor","\A3\ui_f\data\map\markers\nato\b_armor.paa","YES","2",""
"4.","b_art","Artillery","\A3\ui_f\data\map\markers\nato\b_art.paa","YES","2",""
"5.","b_hq","HQ","\A3\ui_f\data\map\markers\nato\b_hq.paa","YES","2",""
"6.","b_inf","Infantry","\A3\ui_f\data\map\markers\nato\b_inf.paa","YES","2",""
"7.","b_installation","Installation","\A3\ui_f\data\map\markers\nato\b_installation.paa","YES","2",""
"8.","b_maint","Maintenance","\A3\ui_f\data\map\markers\nato\b_maint.paa","YES","2",""
"9.","b_mech_inf","Mechanized","\A3\ui_f\data\map\markers\nato\b_mech_inf.paa","YES","2",""
"10.","b_med","Medical","\A3\ui_f\data\map\markers\nato\b_med.paa","YES","2",""
"11.","b_mortar","Mortar","\A3\ui_f\data\map\markers\nato\b_mortar.paa","YES","2",""
"12.","b_motor_inf","Motorized","\A3\ui_f\data\map\markers\nato\b_motor_inf.paa","YES","2",""
"13.","b_naval","Naval","\A3\ui_f\data\map\markers\nato\b_naval.paa","YES","2",""
"14.","b_Ordnance","Ordnance","\a3\UI_F_Orange\Data\CfgMarkers\b_Ordnance_ca.paa","YES","2","Icon|orange|24"
"15.","b_plane","Plane","\A3\ui_f\data\map\markers\nato\b_plane.paa","YES","2",""
"16.","b_recon","Recon","\A3\ui_f\data\map\markers\nato\b_recon.paa","YES","2",""
"17.","b_service","Service","\A3\ui_f\data\map\markers\nato\b_service.paa","YES","2",""
"18.","b_support","Support","\A3\ui_f\data\map\markers\nato\b_support.paa","YES","2",""
"19.","b_uav","UAV","\A3\ui_f\data\map\markers\nato\b_uav.paa","YES","2",""
"20.","b_unknown","Unknown","\A3\ui_f\data\map\markers\nato\b_unknown.paa","YES","2",""
"21.","c_air","Helicopter","\A3\ui_f\data\map\markers\nato\c_air.paa","YES","1",""
"22.","c_car","Car","\A3\ui_f\data\map\markers\nato\c_car.paa","YES","1",""
"23.","c_plane","Plane","\A3\ui_f\data\map\markers\nato\c_plane.paa","YES","1",""
"24.","c_ship","Ship","\A3\ui_f\data\map\markers\nato\c_ship.paa","YES","1",""
"25.","c_unknown","Unknown","\A3\ui_f\data\map\markers\nato\c_unknown.paa","YES","1",""
"26.","Contact_arrow1","arrow1","\a3\UI_F_Enoch\Data\CfgMarkers\arrow1_ca.paa","YES","0","Icon|enoch|24"
"27.","Contact_arrow2","arrow2","\a3\UI_F_Enoch\Data\CfgMarkers\arrow2_ca.paa","YES","0","Icon|enoch|24"
"28.","Contact_arrow3","arrow3","\a3\UI_F_Enoch\Data\CfgMarkers\arrow3_ca.paa","YES","0","Icon|enoch|24"
"29.","Contact_arrowLeft","arrowLeft","\a3\UI_F_Enoch\Data\CfgMarkers\arrowLeft_ca.paa","YES","0","Icon|enoch|24"
"30.","Contact_arrowRight","arrowRight","\a3\UI_F_Enoch\Data\CfgMarkers\arrowRight_ca.paa","YES","0","Icon|enoch|24"
"31.","Contact_arrowSmall1","arrowSmall1","\a3\UI_F_Enoch\Data\CfgMarkers\arrowSmall1_ca.paa","YES","0","Icon|enoch|24"
"32.","Contact_arrowSmall2","arrowSmall2","\a3\UI_F_Enoch\Data\CfgMarkers\arrowSmall2_ca.paa","YES","0","Icon|enoch|24"
"33.","Contact_art1","art1","\a3\UI_F_Enoch\Data\CfgMarkers\art1_ca.paa","YES","0","Icon|enoch|24"
"34.","Contact_art2","art2","\a3\UI_F_Enoch\Data\CfgMarkers\art2_ca.paa","YES","0","Icon|enoch|24"
"35.","Contact_circle1","circle1","\a3\UI_F_Enoch\Data\CfgMarkers\circle1_ca.paa","YES","0","Icon|enoch|24"
"36.","Contact_circle2","circle2","\a3\UI_F_Enoch\Data\CfgMarkers\circle2_ca.paa","YES","0","Icon|enoch|24"
"37.","Contact_circle3","circle3","\a3\UI_F_Enoch\Data\CfgMarkers\circle3_ca.paa","YES","0","Icon|enoch|24"
"38.","Contact_circle4","circle4","\a3\UI_F_Enoch\Data\CfgMarkers\circle4_ca.paa","YES","0","Icon|enoch|24"
"39.","Contact_dashedLine1","dashedLine1","\a3\UI_F_Enoch\Data\CfgMarkers\dashedLine1_ca.paa","YES","0","Icon|enoch|24"
"40.","Contact_dashedLine2","dashedLine2","\a3\UI_F_Enoch\Data\CfgMarkers\dashedLine2_ca.paa","YES","0","Icon|enoch|24"
"41.","Contact_dashedLine3","dashedLine3","\a3\UI_F_Enoch\Data\CfgMarkers\dashedLine3_ca.paa","YES","0","Icon|enoch|24"
"42.","Contact_defenseLine","defenseLine","\a3\UI_F_Enoch\Data\CfgMarkers\defenseLine_ca.paa","YES","0","Icon|enoch|24"
"43.","Contact_defenseLineOver","defenseLineOver","\a3\UI_F_Enoch\Data\CfgMarkers\defenseLineOver_ca.paa","YES","0","Icon|enoch|24"
"44.","Contact_dot1","dot1","\a3\UI_F_Enoch\Data\CfgMarkers\dot1_ca.paa","YES","0","Icon|enoch|24"
"45.","Contact_dot2","dot2","\a3\UI_F_Enoch\Data\CfgMarkers\dot2_ca.paa","YES","0","Icon|enoch|24"
"46.","Contact_dot3","dot3","\a3\UI_F_Enoch\Data\CfgMarkers\dot3_ca.paa","YES","0","Icon|enoch|24"
"47.","Contact_dot4","dot4","\a3\UI_F_Enoch\Data\CfgMarkers\dot4_ca.paa","YES","0","Icon|enoch|24"
"48.","Contact_dot5","dot5","\a3\UI_F_Enoch\Data\CfgMarkers\dot5_ca.paa","YES","0","Icon|enoch|24"
"49.","Contact_pencilCircle1","pencilCircle1","\a3\UI_F_Enoch\Data\CfgMarkers\pencilCircle1_ca.paa","YES","0","Icon|enoch|24"
"50.","Contact_pencilCircle2","pencilCircle2","\a3\UI_F_Enoch\Data\CfgMarkers\pencilCircle2_ca.paa","YES","0","Icon|enoch|24"
"51.","Contact_pencilCircle3","pencilCircle3","\a3\UI_F_Enoch\Data\CfgMarkers\pencilCircle3_ca.paa","YES","0","Icon|enoch|24"
"52.","Contact_pencilDoodle1","pencilDoodle1","\a3\UI_F_Enoch\Data\CfgMarkers\pencilDoodle1_ca.paa","YES","0","Icon|enoch|24"
"53.","Contact_pencilDoodle2","pencilDoodle2","\a3\UI_F_Enoch\Data\CfgMarkers\pencilDoodle2_ca.paa","YES","0","Icon|enoch|24"
"54.","Contact_pencilDoodle3","pencilDoodle3","\a3\UI_F_Enoch\Data\CfgMarkers\pencilDoodle3_ca.paa","YES","0","Icon|enoch|24"
"55.","Contact_pencilDot1","pencilDot1","\a3\UI_F_Enoch\Data\CfgMarkers\pencilDot1_ca.paa","YES","0","Icon|enoch|24"
"56.","Contact_pencilDot2","pencilDot2","\a3\UI_F_Enoch\Data\CfgMarkers\pencilDot2_ca.paa","YES","0","Icon|enoch|24"
"57.","Contact_pencilDot3","pencilDot3","\a3\UI_F_Enoch\Data\CfgMarkers\pencilDot3_ca.paa","YES","0","Icon|enoch|24"
"58.","Contact_pencilTask1","pencilTask1","\a3\UI_F_Enoch\Data\CfgMarkers\pencilTask1_ca.paa","YES","0","Icon|enoch|24"
"59.","Contact_pencilTask2","pencilTask2","\a3\UI_F_Enoch\Data\CfgMarkers\pencilTask2_ca.paa","YES","0","Icon|enoch|24"
"60.","Contact_pencilTask3","pencilTask3","\a3\UI_F_Enoch\Data\CfgMarkers\pencilTask3_ca.paa","YES","0","Icon|enoch|24"
"61.","Empty","Empty","\A3\ui_f\data\map\markers\system\empty_ca.paa","YES","1",""
"62.","EmptyIcon","Flag","#(argb,8,8,3)color(0,0,0,0)","YES","0",""
"63.","Faction_BLUFOR_EP1","Flag (BLUFOR)","ca\Ca_E\data\flag_blufor_co.paa","YES","1","Icon|@CUP Terrains - Core|24"
"64.","Faction_CDF","Flag (Chernarus)","\ca\data\flag_chernarus_co.paa","YES","1","Icon|@CUP Terrains - Core|24"
"65.","Faction_CzechRepublic_EP1","Flag (Czech Republic)","ca\Ca_E\data\flag_cz_co.paa","YES","1","Icon|@CUP Terrains - Core|24"
"66.","Faction_Germany_EP1","Flag (Germany)","ca\Ca_E\data\flag_ger_co.paa","YES","1","Icon|@CUP Terrains - Core|24"
"67.","Faction_GUE","Flag (NAPA)","\ca\data\flag_napa_co.paa","YES","1","Icon|@CUP Terrains - Core|24"
"68.","Faction_INDFOR_EP1","Flag (INDFOR)","ca\Ca_E\data\flag_indfor_co.paa","YES","1","Icon|@CUP Terrains - Core|24"
"69.","Faction_INS","Flag (ChDKZ)","\ca\data\flag_chdkz_co.paa","YES","1","Icon|@CUP Terrains - Core|24"
"70.","Faction_ION_black_PMC","Flag (ION black)","ca\Ca_PMC\flag_ion_black_co","YES","1","Icon|@CUP Terrains - Core|24"
"71.","Faction_ION_white_PMC","Flag (ION white)","ca\Ca_PMC\flag_ion_white_co","YES","1","Icon|@CUP Terrains - Core|24"
"72.","Faction_NATO_EP1","Flag (NATO)","ca\Ca_E\data\flag_nato_co.paa","YES","1","Icon|@CUP Terrains - Core|24"
"73.","Faction_OPFOR_EP1","Flag (OPFOR)","ca\Ca_E\data\flag_opfor_co.paa","YES","1","Icon|@CUP Terrains - Core|24"
"74.","Faction_RU","Flag (Russia)","\ca\data\flag_rus_co.paa","YES","1","Icon|@CUP Terrains - Core|24"
"75.","Faction_TKA_EP1","Flag (TK Army)","ca\Ca_E\data\flag_tka_co.paa","YES","1","Icon|@CUP Terrains - Core|24"
"76.","Faction_TKG_EP1","Flag (Kingdom of Takistan)","ca\Ca_E\data\flag_tkg_co.paa","YES","1","Icon|@CUP Terrains - Core|24"
"77.","Faction_TKM_EP1","Flag (TK Militia)","ca\Ca_E\data\flag_tkm_co.paa","YES","1","Icon|@CUP Terrains - Core|24"
"78.","Faction_UNO_EP1","Flag (UNO)","ca\Ca_E\data\flag_uno_co.paa","YES","1","Icon|@CUP Terrains - Core|24"
"79.","Faction_US","Flag (USA)","\ca\data\flag_usa_co.paa","YES","1","Icon|@CUP Terrains - Core|24"
"80.","Faction_USMC","USMC","\ca\data\flag_usmc_co.paa","YES","1","Icon|@CUP Terrains - Core|24"
"81.","Flag","Flag","\A3\ui_f\data\map\markers\military\objective_CA.paa","NO","0",""
"82.","flag_AAF","Altis Armed Forces","\A3\ui_f\data\map\markers\flags\AAF_ca.paa","YES","1",""
"83.","flag_Altis","Altis","\A3\ui_f\data\map\markers\flags\Altis_ca.paa","YES","1",""
"84.","flag_AltisColonial","Altis (Colonial)","\A3\ui_f\data\map\markers\flags\AltisColonial_ca.paa","YES","1",""
"85.","flag_Astra","Astra","\a3\UI_F_Enoch\Data\CfgMarkers\Astra_CA.paa","YES","1","Icon|enoch|24"
"86.","flag_Belgium","Belgium","\A3\ui_f\data\map\markers\flags\Belgium_ca.paa","YES","1",""
"87.","flag_Canada","Canada","\A3\ui_f\data\map\markers\flags\Canada_ca.paa","YES","1",""
"88.","flag_Catalonia","Catalonia","\A3\ui_f\data\map\markers\flags\Catalonia_ca.paa","YES","0",""
"89.","flag_Croatia","Croatia","\A3\ui_f\data\map\markers\flags\Croatia_ca.paa","YES","1",""
"90.","flag_CSAT","CSAT","\A3\ui_f\data\map\markers\flags\CSAT_ca.paa","YES","1",""
"91.","flag_CTRG","CTRG","\A3\Ui_f\data\Map\Markers\Flags\ctrg_ca.paa","YES","1","Icon|expansion|24"
"92.","flag_CzechRepublic","Czech Republic","\A3\ui_f\data\map\markers\flags\CzechRepublic_ca.paa","YES","1",""
"93.","flag_Denmark","Denmark","\A3\ui_f\data\map\markers\flags\Denmark_ca.paa","YES","1",""
"94.","flag_EAF","Livonian Defense Force","\a3\UI_F_Enoch\Data\CfgMarkers\LDF_CA.paa","YES","1","Icon|enoch|24"
"95.","flag_Enoch","Livonia","\a3\UI_F_Enoch\Data\CfgMarkers\Livonia_CA.paa","YES","1","Icon|enoch|24"
"96.","flag_EnochLooters","Livonian Looters","\a3\UI_F_Enoch\Data\CfgMarkers\LivoniaLooters_CA.paa","YES","1","Icon|enoch|24"
"97.","flag_EU","European Union","\A3\ui_f\data\map\markers\flags\EU_ca.paa","YES","1",""
"98.","flag_FIA","FIA","\A3\ui_f\data\map\markers\flags\FIA_ca.paa","YES","1",""
"99.","flag_France","France","\A3\ui_f\data\map\markers\flags\France_ca.paa","YES","1",""
"100.","flag_Georgia","Georgia","\A3\ui_f\data\map\markers\flags\Georgia_ca.paa","YES","1",""
"101.","flag_Germany","Germany","\A3\ui_f\data\map\markers\flags\Germany_ca.paa","YES","1",""
"102.","flag_Greece","Greece","\A3\ui_f\data\map\markers\flags\Greece_ca.paa","YES","1",""
"103.","flag_Hungary","Hungary","\A3\ui_f\data\map\markers\flags\Hungary_ca.paa","YES","1",""
"104.","flag_Iceland","Iceland","\A3\ui_f\data\map\markers\flags\Iceland_ca.paa","YES","1",""
"105.","flag_IDAP","International Development & Aid Project","\A3\ui_f_orange\data\cfgmarkers\IDAP_ca.paa","NO","1","Icon|orange|24"
"106.","flag_Italy","Italy","\A3\ui_f\data\map\markers\flags\Italy_ca.paa","YES","1",""
"107.","flag_Luxembourg","Luxembourg","\A3\ui_f\data\map\markers\flags\Luxembourg_ca.paa","YES","1",""
"108.","flag_NATO","NATO","\A3\ui_f\data\map\markers\flags\nato_ca.paa","YES","1",""
"109.","flag_Netherlands","Netherlands","\A3\ui_f\data\map\markers\flags\Netherlands_ca.paa","YES","1",""
"110.","flag_Norway","Norway","\A3\ui_f\data\map\markers\flags\Norway_ca.paa","YES","1",""
"111.","flag_Poland","Poland","\A3\ui_f\data\map\markers\flags\Poland_ca.paa","YES","1",""
"112.","flag_Portugal","Portugal","\A3\ui_f\data\map\markers\flags\Portugal_ca.paa","YES","1",""
"113.","flag_Russia","Russia","\a3\UI_F_Enoch\Data\CfgMarkers\Russia_CA.paa","YES","1","Icon|enoch|24"
"114.","flag_Slovakia","Slovakia","\A3\ui_f\data\map\markers\flags\Slovakia_ca.paa","YES","1",""
"115.","flag_Slovenia","Slovenia","\A3\ui_f\data\map\markers\flags\Slovenia_ca.paa","YES","1",""
"116.","flag_Spain","Spain","\A3\ui_f\data\map\markers\flags\Spain_ca.paa","YES","1",""
"117.","flag_Spetsnaz","Spetsnaz","\a3\UI_F_Enoch\Data\CfgMarkers\Spetsnaz_CA.paa","YES","1","Icon|enoch|24"
"118.","flag_Syndicat","Syndikat","\A3\Ui_f\data\Map\Markers\Flags\syndicat_ca.paa","YES","1","Icon|expansion|24"
"119.","flag_Tanoa","Tanoa","\A3\Ui_f\data\Map\Markers\Flags\tanoa_ca.paa","YES","1","Icon|expansion|24"
"120.","flag_TanoaGendarmerie","Gendarmerie","\A3\Ui_f\data\Map\Markers\Flags\tanoaGendarmerie_ca.paa","YES","1","Icon|expansion|24"
"121.","flag_UK","UK","\A3\ui_f\data\map\markers\flags\UK_ca.paa","YES","1",""
"122.","flag_UN","United Nations","\A3\ui_f\data\map\markers\flags\UN_ca.paa","YES","1",""
"123.","flag_USA","USA","\A3\ui_f\data\map\markers\flags\USA_ca.paa","YES","1",""
"124.","flag_Viper","Viper","\A3\Ui_f\data\Map\Markers\Flags\viper_ca.paa","YES","1","Icon|expansion|24"
"125.","GroundSupport_ARTY_EAST","GroundSupport_ARTY_EAST","\a3\Modules_F_Curator\Data\iconOrdnance_ca.paa","YES","0","Icon|heli|24"
"126.","GroundSupport_ARTY_RESISTANCE","GroundSupport_ARTY_RESISTANCE","\a3\Modules_F_Curator\Data\iconOrdnance_ca.paa","YES","0","Icon|heli|24"
"127.","GroundSupport_ARTY_WEST","GroundSupport_ARTY_WEST","\a3\Modules_F_Curator\Data\iconOrdnance_ca.paa","YES","0","Icon|heli|24"
"128.","GroundSupport_CAS_EAST","GroundSupport_CAS_EAST","\a3\Modules_F_Curator\Data\portraitCASGunMissile_ca.paa","YES","0","Icon|heli|24"
"129.","GroundSupport_CAS_RESISTANCE","GroundSupport_CAS_RESISTANCE","\a3\Modules_F_Curator\Data\portraitCASGunMissile_ca.paa","YES","0","Icon|heli|24"
"130.","GroundSupport_CAS_WEST","GroundSupport_CAS_WEST","\a3\Modules_F_Curator\Data\portraitCASGunMissile_ca.paa","YES","0","Icon|heli|24"
"131.","group_0","Fire Team","\A3\ui_f\data\map\markers\nato\group_0.paa","YES","1",""
"132.","group_1","Squad","\A3\ui_f\data\map\markers\nato\group_1.paa","YES","1",""
"133.","group_10","Army","\A3\ui_f\data\map\markers\nato\group_10.paa","YES","1",""
"134.","group_11","Army Group","\A3\ui_f\data\map\markers\nato\group_11.paa","YES","1",""
"135.","group_2","Section","\A3\ui_f\data\map\markers\nato\group_2.paa","YES","1",""
"136.","group_3","Platoon","\A3\ui_f\data\map\markers\nato\group_3.paa","YES","1",""
"137.","group_4","Company","\A3\ui_f\data\map\markers\nato\group_4.paa","YES","1",""
"138.","group_5","Battalion","\A3\ui_f\data\map\markers\nato\group_5.paa","YES","1",""
"139.","group_6","Regiment","\A3\ui_f\data\map\markers\nato\group_6.paa","YES","1",""
"140.","group_7","Brigade","\A3\ui_f\data\map\markers\nato\group_7.paa","YES","1",""
"141.","group_8","Division","\A3\ui_f\data\map\markers\nato\group_8.paa","YES","1",""
"142.","group_9","Corps","\A3\ui_f\data\map\markers\nato\group_9.paa","YES","1",""
"143.","hd_ambush","Ambush","\A3\ui_f\data\map\markers\handdrawn\ambush_CA.paa","NO","2",""
"144.","hd_ambush_noShadow","Ambush","\A3\ui_f\data\map\markers\handdrawn\ambush_CA.paa","YES","0",""
"145.","hd_arrow","Arrow","\A3\ui_f\data\map\markers\handdrawn\arrow_CA.paa","NO","2",""
"146.","hd_arrow_noShadow","Arrow","\A3\ui_f\data\map\markers\handdrawn\arrow_CA.paa","YES","0",""
"147.","hd_destroy","Destroy","\A3\ui_f\data\map\markers\handdrawn\destroy_CA.paa","NO","2",""
"148.","hd_destroy_noShadow","Destroy","\A3\ui_f\data\map\markers\handdrawn\destroy_CA.paa","YES","0",""
"149.","hd_dot","Dot","\A3\ui_f\data\map\markers\handdrawn\dot_CA.paa","NO","2",""
"150.","hd_dot_noShadow","Dot","\A3\ui_f\data\map\markers\handdrawn\dot_CA.paa","YES","0",""
"151.","hd_end","End","\A3\ui_f\data\map\markers\handdrawn\end_CA.paa","NO","2",""
"152.","hd_end_noShadow","End","\A3\ui_f\data\map\markers\handdrawn\end_CA.paa","YES","0",""
"153.","hd_flag","Flag","\A3\ui_f\data\map\markers\handdrawn\flag_CA.paa","NO","2",""
"154.","hd_flag_noShadow","Flag","\A3\ui_f\data\map\markers\handdrawn\flag_CA.paa","YES","0",""
"155.","hd_join","Join","\A3\ui_f\data\map\markers\handdrawn\join_CA.paa","NO","2",""
"156.","hd_join_noShadow","Join","\A3\ui_f\data\map\markers\handdrawn\join_CA.paa","YES","0",""
"157.","hd_objective","Objective","\A3\ui_f\data\map\markers\handdrawn\objective_CA.paa","NO","2",""
"158.","hd_objective_noShadow","Objective","\A3\ui_f\data\map\markers\handdrawn\objective_CA.paa","YES","0",""
"159.","hd_pickup","Pick Up","\A3\ui_f\data\map\markers\handdrawn\pickup_CA.paa","NO","2",""
"160.","hd_pickup_noShadow","Pick Up","\A3\ui_f\data\map\markers\handdrawn\pickup_CA.paa","YES","0",""
"161.","hd_start","Start","\A3\ui_f\data\map\markers\handdrawn\start_CA.paa","NO","2",""
"162.","hd_start_noShadow","Start","\A3\ui_f\data\map\markers\handdrawn\start_CA.paa","YES","0",""
"163.","hd_unknown","Unknown","\A3\ui_f\data\map\markers\handdrawn\unknown_CA.paa","NO","2",""
"164.","hd_unknown_noShadow","Unknown","\A3\ui_f\data\map\markers\handdrawn\unknown_CA.paa","YES","0",""
"165.","hd_warning","Warning","\A3\ui_f\data\map\markers\handdrawn\warning_CA.paa","NO","2",""
"166.","hd_warning_noShadow","Warning","\A3\ui_f\data\map\markers\handdrawn\warning_CA.paa","YES","0",""
"167.","KIA","KIA","\a3\Ui_F_Curator\Data\CfgMarkers\kia_ca.paa","YES","1","Icon|curator|24"
"168.","loc_Ambush","Ambush","\A3\Ui_f\data\Map\Markers\Military\ambush_ca.paa","NO","0","Icon|expansion|24"
"169.","loc_Attack","Attack","\a3\ui_f\data\igui\cfg\simpletasks\types\attack_ca.paa","NO","0","Icon|expansion|24"
"170.","loc_boat","Boat","\a3\ui_f\data\igui\cfg\simpletasks\types\Boat_ca.paa","NO","0","Icon|expansion|24"
"171.","loc_Box","Box","\a3\ui_f\data\igui\cfg\simpletasks\types\box_ca.paa","NO","0","Icon|expansion|24"
"172.","loc_Bunker","Bunker","\A3\ui_f\data\map\mapcontrol\Bunker_CA.paa","YES","1",""
"173.","loc_Bush","Bush","\A3\ui_f\data\map\mapcontrol\Bush_CA.paa","YES","1",""
"174.","loc_BusStop","Bus Stop","\A3\ui_f\data\map\mapcontrol\BusStop_CA.paa","YES","1",""
"175.","loc_car","Car","\a3\ui_f\data\igui\cfg\simpletasks\types\car_ca.paa","NO","0","Icon|expansion|24"
"176.","loc_Chapel","Chapel","\A3\ui_f\data\map\mapcontrol\Chapel_CA.paa","YES","1",""
"177.","loc_Church","Church","\A3\ui_f\data\map\mapcontrol\Church_CA.paa","YES","1",""
"178.","loc_CivilDefense","Civil Defense","\A3\ui_f_orange\data\cfgmarkers\civildefense.paa","YES","1","Icon|orange|24"
"179.","loc_container","container","\a3\ui_f\data\igui\cfg\simpletasks\types\Container_ca.paa","NO","0","Icon|expansion|24"
"180.","loc_Cross","Cross","\A3\ui_f\data\map\mapcontrol\Cross_CA.paa","YES","1",""
"181.","loc_CulturalProperty","Cultural Property","\A3\ui_f_orange\data\cfgmarkers\culturalproperty_ca.paa","YES","1","Icon|orange|24"
"182.","loc_DangerousForces","Dangerous Forces","\A3\ui_f_orange\data\cfgmarkers\dangerousforces_ca.paa","YES","1","Icon|orange|24"
"183.","loc_defend","Defend","\a3\ui_f\data\igui\cfg\simpletasks\types\defend_ca.paa","NO","0","Icon|expansion|24"
"184.","loc_destroy","Destroy","\a3\ui_f\data\igui\cfg\simpletasks\types\destroy_ca.paa","NO","0","Icon|expansion|24"
"185.","loc_download","Download","\a3\ui_f\data\igui\cfg\simpletasks\types\Download_ca.paa","NO","0","Icon|expansion|24"
"186.","loc_Fortress","Bunker","\A3\ui_f\data\map\mapcontrol\Bunker_CA.paa","YES","0",""
"187.","loc_Fountain","Fountain","\A3\ui_f\data\map\mapcontrol\Fountain_CA.paa","YES","1",""
"188.","loc_Frame","Frame","\a3\Ui_f\data\GUI\Rsc\RscDisplayArsenal\icon_ca.paa","YES","0","Icon|expansion|24"
"189.","loc_Fuelstation","Fuel Station","\A3\ui_f\data\map\mapcontrol\Fuelstation_CA.paa","YES","1",""
"190.","loc_heal","Heal","\a3\ui_f\data\igui\cfg\simpletasks\types\Heal_ca.paa","NO","0","Icon|expansion|24"
"191.","loc_heli","Heli","\a3\ui_f\data\igui\cfg\simpletasks\types\Heli_ca.paa","NO","0","Icon|expansion|24"
"192.","loc_help","Help","\a3\ui_f\data\igui\cfg\simpletasks\types\help_ca.paa","NO","0","Icon|expansion|24"
"193.","loc_Hospital","Hospital","\A3\ui_f\data\map\mapcontrol\Hospital_CA.paa","YES","1",""
"194.","loc_interact","Interact","\a3\ui_f\data\igui\cfg\simpletasks\types\interact_ca.paa","NO","0","Icon|expansion|24"
"195.","loc_LetterA","LetterA","\a3\ui_f\data\igui\cfg\simpletasks\letters\a_ca.paa","NO","0","Icon|expansion|24"
"196.","loc_LetterB","LetterB","\a3\ui_f\data\igui\cfg\simpletasks\letters\b_ca.paa","NO","0","Icon|expansion|24"
"197.","loc_LetterC","LetterC","\a3\ui_f\data\igui\cfg\simpletasks\letters\c_ca.paa","NO","0","Icon|expansion|24"
"198.","loc_LetterD","LetterD","\a3\ui_f\data\igui\cfg\simpletasks\letters\d_ca.paa","NO","0","Icon|expansion|24"
"199.","loc_LetterE","LetterE","\a3\ui_f\data\igui\cfg\simpletasks\letters\e_ca.paa","NO","0","Icon|expansion|24"
"200.","loc_LetterF","LetterF","\a3\ui_f\data\igui\cfg\simpletasks\letters\f_ca.paa","NO","0","Icon|expansion|24"
"201.","loc_LetterG","LetterG","\a3\ui_f\data\igui\cfg\simpletasks\letters\g_ca.paa","NO","0","Icon|expansion|24"
"202.","loc_LetterH","LetterH","\a3\ui_f\data\igui\cfg\simpletasks\letters\h_ca.paa","NO","0","Icon|expansion|24"
"203.","loc_LetterI","LetterI","\a3\ui_f\data\igui\cfg\simpletasks\letters\i_ca.paa","NO","0","Icon|expansion|24"
"204.","loc_LetterJ","LetterJ","\a3\ui_f\data\igui\cfg\simpletasks\letters\j_ca.paa","NO","0","Icon|expansion|24"
"205.","loc_LetterK","LetterK","\a3\ui_f\data\igui\cfg\simpletasks\letters\k_ca.paa","NO","0","Icon|expansion|24"
"206.","loc_LetterL","LetterL","\a3\ui_f\data\igui\cfg\simpletasks\letters\l_ca.paa","NO","0","Icon|expansion|24"
"207.","loc_LetterM","LetterM","\a3\ui_f\data\igui\cfg\simpletasks\letters\m_ca.paa","NO","0","Icon|expansion|24"
"208.","loc_LetterN","LetterN","\a3\ui_f\data\igui\cfg\simpletasks\letters\n_ca.paa","NO","0","Icon|expansion|24"
"209.","loc_LetterO","LetterO","\a3\ui_f\data\igui\cfg\simpletasks\letters\o_ca.paa","NO","0","Icon|expansion|24"
"210.","loc_LetterP","LetterP","\a3\ui_f\data\igui\cfg\simpletasks\letters\p_ca.paa","NO","0","Icon|expansion|24"
"211.","loc_LetterQ","LetterQ","\a3\ui_f\data\igui\cfg\simpletasks\letters\q_ca.paa","NO","0","Icon|expansion|24"
"212.","loc_LetterR","LetterR","\a3\ui_f\data\igui\cfg\simpletasks\letters\r_ca.paa","NO","0","Icon|expansion|24"
"213.","loc_LetterS","LetterS","\a3\ui_f\data\igui\cfg\simpletasks\letters\s_ca.paa","NO","0","Icon|expansion|24"
"214.","loc_LetterT","LetterT","\a3\ui_f\data\igui\cfg\simpletasks\letters\t_ca.paa","NO","0","Icon|expansion|24"
"215.","loc_LetterU","LetterU","\a3\ui_f\data\igui\cfg\simpletasks\letters\u_ca.paa","NO","0","Icon|expansion|24"
"216.","loc_LetterV","LetterV","\a3\ui_f\data\igui\cfg\simpletasks\letters\v_ca.paa","NO","0","Icon|expansion|24"
"217.","loc_LetterW","LetterW","\a3\ui_f\data\igui\cfg\simpletasks\letters\w_ca.paa","NO","0","Icon|expansion|24"
"218.","loc_LetterX","LetterX","\a3\ui_f\data\igui\cfg\simpletasks\letters\x_ca.paa","NO","0","Icon|expansion|24"
"219.","loc_LetterY","LetterY","\a3\ui_f\data\igui\cfg\simpletasks\letters\y_ca.paa","NO","0","Icon|expansion|24"
"220.","loc_LetterZ","LetterZ","\a3\ui_f\data\igui\cfg\simpletasks\letters\z_ca.paa","NO","0","Icon|expansion|24"
"221.","loc_Lighthouse","Lighthouse","\A3\ui_f\data\map\mapcontrol\Lighthouse_CA.paa","YES","1",""
"222.","loc_meet","Meet","\a3\ui_f\data\igui\cfg\simpletasks\types\meet_ca.paa","NO","0","Icon|expansion|24"
"223.","loc_mine","Mine","\a3\ui_f\data\igui\cfg\simpletasks\types\mine_ca.paa","NO","0","Icon|expansion|24"
"224.","loc_move","Move","\a3\ui_f\data\igui\cfg\simpletasks\types\move_ca.paa","NO","0","Icon|expansion|24"
"225.","loc_Pick","Pick","\a3\Ui_f\data\IGUI\Cfg\Actions\take_ca.paa","NO","0","Icon|expansion|24"
"226.","loc_plane","Plane","\a3\ui_f\data\igui\cfg\simpletasks\types\Plane_ca.paa","NO","0","Icon|expansion|24"
"227.","loc_Power","Power Plant","\A3\ui_f\data\map\mapcontrol\Power_CA.paa","YES","1",""
"228.","loc_PowerSolar","Solar Power Plant","\A3\ui_f\data\map\mapcontrol\PowerSolar_CA.paa","YES","1",""
"229.","loc_PowerWave","Wave Power Plant","\A3\ui_f\data\map\mapcontrol\PowerWave_CA.paa","YES","1",""
"230.","loc_PowerWind","Wind Power Plant","\A3\ui_f\data\map\mapcontrol\PowerWind_CA.paa","YES","1",""
"231.","loc_Quay","Pier","\A3\ui_f\data\map\mapcontrol\Quay_CA.paa","YES","1",""
"232.","loc_radio","Radio","\a3\ui_f\data\igui\cfg\simpletasks\types\Radio_ca.paa","NO","0","Icon|expansion|24"
"233.","loc_rearm","Rearm","\a3\ui_f\data\igui\cfg\simpletasks\types\rearm_ca.paa","NO","0","Icon|expansion|24"
"234.","loc_refuel","Refuel","\a3\ui_f\data\igui\cfg\simpletasks\types\refuel_ca.paa","NO","0","Icon|expansion|24"
"235.","loc_repair","Repair","\a3\ui_f\data\igui\cfg\simpletasks\types\repair_ca.paa","NO","0","Icon|expansion|24"
"236.","loc_Rifle","Rifle","\a3\ui_f\data\igui\cfg\simpletasks\types\rifle_ca.paa","NO","0","Icon|expansion|24"
"237.","loc_Rock","Rock","\A3\ui_f\data\map\mapcontrol\Rock_CA.paa","YES","1",""
"238.","loc_Ruin","Ruin","\A3\ui_f\data\map\mapcontrol\Ruin_CA.paa","YES","1",""
"239.","loc_SafetyZone","Safety Zone","\A3\ui_f_orange\data\cfgmarkers\safetyzone_ca.paa","YES","1","Icon|orange|24"
"240.","loc_save","Save","\a3\Ui_f\data\GUI\Rsc\RscDisplayArcadeMap\icon_saveas_ca.paa","NO","0","Icon|expansion|24"
"241.","loc_sdv","SDV","\a3\ui_f\data\gui\cfg\hints\SDV_ca.paa","NO","0","Icon|expansion|24"
"242.","loc_search","Search","\a3\ui_f\data\igui\cfg\simpletasks\types\search_ca.paa","NO","0","Icon|expansion|24"
"243.","loc_SmallTree","Small Tree","\A3\ui_f\data\map\mapcontrol\SmallTree_CA.paa","YES","1",""
"244.","loc_Stack","Chimney Stack","\A3\ui_f\data\map\mapcontrol\Stack_CA.paa","YES","1",""
"245.","loc_talk","Talk","\a3\ui_f\data\igui\cfg\simpletasks\types\Talk_ca.paa","NO","0","Icon|expansion|24"
"246.","loc_Tourism","Hotel","\A3\ui_f\data\map\mapcontrol\Tourism_CA.paa","YES","1",""
"247.","loc_Transmitter","Radio Tower","\A3\ui_f\data\map\mapcontrol\Transmitter_CA.paa","YES","1",""
"248.","loc_Tree","Tree","\A3\ui_f\data\map\mapcontrol\tree_CA.paa","YES","1",""
"249.","loc_Truck","Truck","\a3\ui_f\data\igui\cfg\simpletasks\types\truck_ca.paa","NO","0","Icon|expansion|24"
"250.","loc_use","Use","\a3\ui_f\data\igui\cfg\simpletasks\types\Use_ca.paa","NO","0","Icon|expansion|24"
"251.","loc_ViewTower","View Tower","\A3\ui_f\data\map\mapcontrol\ViewTower_CA.paa","YES","1",""
"252.","loc_WaterTower","Water Tower","\A3\ui_f\data\map\mapcontrol\WaterTower_CA.paa","YES","1",""
"253.","lop_flag_Afghan","Afghanistan","\po_main\data\ui\markers\Flag_afg_CO.paa","YES","1","Icon|@Project OPFOR|24"
"254.","lop_flag_cdf","Chernarussian Defence Forces","\po_main\data\ui\markers\Flag_cdf_CO.paa","YES","1","Icon|@Project OPFOR|24"
"255.","lop_flag_gre","Greece","\po_main\data\ui\markers\Flag_gre_CO.paa","YES","1","Icon|@Project OPFOR|24"
"256.","lop_flag_iran","Iran","\po_main\data\ui\markers\Flag_iran_CO.paa","YES","1","Icon|@Project OPFOR|24"
"257.","lop_flag_Iraq","Iraq (Saddam Era)","\po_main\data\ui\markers\Flag_ia_CO.paa","YES","1","Icon|@Project OPFOR|24"
"258.","lop_flag_Iraq_M","Iraq (Modern)","\po_main\data\ui\markers\flag_ia_m_co.paa","YES","1","Icon|@Project OPFOR|24"
"259.","lop_flag_Isis","ISIS","\po_main\data\ui\markers\Flag_isis_CO.paa","YES","1","Icon|@Project OPFOR|24"
"260.","lop_flag_kor","North Korea","\po_main\data\ui\markers\Flag_kor_CO.paa","YES","1","Icon|@Project OPFOR|24"
"261.","lop_flag_pesh","Kurdistan","\po_main\data\ui\markers\Flag_pesh_CO.paa","YES","1","Icon|@Project OPFOR|24"
"262.","lop_flag_racs","RACS","\po_main\data\ui\markers\Flag_racs_CO.paa","YES","1","Icon|@Project OPFOR|24"
"263.","lop_flag_sla","SLA","\po_main\data\ui\markers\Flag_sla_CO.paa","YES","1","Icon|@Project OPFOR|24"
"264.","lop_flag_syr","Syria","\po_main\data\ui\markers\Flag_syr_CO.paa","YES","1","Icon|@Project OPFOR|24"
"265.","lop_flag_tak","Takistan","\po_main\data\ui\markers\Flag_tak_CO.paa","YES","1","Icon|@Project OPFOR|24"
"266.","lop_flag_trk","Turkey","\po_main\data\ui\markers\Flag_trk_CO.paa","YES","1","Icon|@Project OPFOR|24"
"267.","lop_flag_ukr","Ukraine","\po_main\data\ui\markers\Flag_ukr_CO.paa","YES","1","Icon|@Project OPFOR|24"
"268.","MemoryFragment","Flag","\A3\ui_f_orange\data\cfgmarkers\memoryFragment_ca.paa","YES","0","Icon|orange|24"
"269.","mil_ambush","Ambush","\A3\ui_f\data\map\markers\military\ambush_CA.paa","NO","1",""
"270.","mil_ambush_noShadow","Ambush","\A3\ui_f\data\map\markers\military\ambush_CA.paa","YES","0",""
"271.","mil_arrow","Arrow","\A3\ui_f\data\map\markers\military\arrow_CA.paa","NO","1",""
"272.","mil_arrow2","Arrow (filled)","\A3\ui_f\data\map\markers\military\arrow2_CA.paa","NO","1",""
"273.","mil_arrow2_noShadow","Arrow (filled)","\A3\ui_f\data\map\markers\military\arrow2_CA.paa","YES","0",""
"274.","mil_arrow_noShadow","Arrow","\A3\ui_f\data\map\markers\military\arrow_CA.paa","YES","0",""
"275.","mil_box","Square","\A3\ui_f\data\map\markers\military\box_CA.paa","NO","1",""
"276.","mil_box_noShadow","Square","\A3\ui_f\data\map\markers\military\box_CA.paa","YES","0",""
"277.","mil_circle","Circle","\A3\ui_f\data\map\markers\military\circle_CA.paa","NO","1",""
"278.","mil_circle_noShadow","Circle","\A3\ui_f\data\map\markers\military\circle_CA.paa","YES","0",""
"279.","mil_destroy","Destroy","\A3\ui_f\data\map\markers\military\destroy_CA.paa","NO","1",""
"280.","mil_destroy_noShadow","Destroy","\A3\ui_f\data\map\markers\military\destroy_CA.paa","YES","0",""
"281.","mil_dot","Dot","\A3\ui_f\data\map\markers\military\dot_CA.paa","NO","1",""
"282.","mil_dot_noShadow","Dot","\A3\ui_f\data\map\markers\military\dot_CA.paa","YES","0",""
"283.","mil_end","End","\A3\ui_f\data\map\markers\military\end_CA.paa","NO","1",""
"284.","mil_end_noShadow","End","\A3\ui_f\data\map\markers\military\end_CA.paa","YES","0",""
"285.","mil_flag","Flag","\A3\ui_f\data\map\markers\military\flag_CA.paa","NO","1",""
"286.","mil_flag_noShadow","Flag","\A3\ui_f\data\map\markers\military\flag_CA.paa","YES","0",""
"287.","mil_join","Join","\A3\ui_f\data\map\markers\military\join_CA.paa","NO","1",""
"288.","mil_join_noShadow","Join","\A3\ui_f\data\map\markers\military\join_CA.paa","YES","0",""
"289.","mil_marker","Marker","\A3\ui_f\data\map\markers\military\marker_CA.paa","NO","1",""
"290.","mil_marker_noShadow","Marker","\A3\ui_f\data\map\markers\military\marker_CA.paa","YES","0",""
"291.","mil_objective","Objective","\A3\ui_f\data\map\markers\military\objective_CA.paa","NO","1",""
"292.","mil_objective_noShadow","Objective","\A3\ui_f\data\map\markers\military\objective_CA.paa","YES","0",""
"293.","mil_pickup","Pick Up","\A3\ui_f\data\map\markers\military\pickup_CA.paa","NO","1",""
"294.","mil_pickup_noShadow","Pick Up","\A3\ui_f\data\map\markers\military\pickup_CA.paa","YES","0",""
"295.","mil_start","Start","\A3\ui_f\data\map\markers\military\start_CA.paa","NO","1",""
"296.","mil_start_noShadow","Start","\A3\ui_f\data\map\markers\military\start_CA.paa","YES","0",""
"297.","mil_triangle","Triangle","\A3\ui_f\data\map\markers\military\triangle_CA.paa","NO","1",""
"298.","mil_triangle_noShadow","Triangle","\A3\ui_f\data\map\markers\military\triangle_CA.paa","YES","0",""
"299.","mil_unknown","Unknown","\A3\ui_f\data\map\markers\military\unknown_CA.paa","NO","1",""
"300.","mil_unknown_noShadow","Unknown","\A3\ui_f\data\map\markers\military\unknown_CA.paa","YES","0",""
"301.","mil_warning","Warning","\A3\ui_f\data\map\markers\military\warning_CA.paa","NO","1",""
"302.","mil_warning_noShadow","Warning","\A3\ui_f\data\map\markers\military\warning_CA.paa","YES","0",""
"303.","Minefield","Minefield","\a3\Ui_F_Curator\Data\CfgMarkers\minefield_ca.paa","YES","1","Icon|curator|24"
"304.","MinefieldAP","Minefield (AP)","\a3\Ui_F_Curator\Data\CfgMarkers\minefieldAP_ca.paa","YES","1","Icon|curator|24"
"305.","n_air","Helicopter","\A3\ui_f\data\map\markers\nato\n_air.paa","YES","2",""
"306.","n_antiair","Anti-Air","\A3\ui_f\data\map\markers\nato\n_antiair.paa","YES","2",""
"307.","n_armor","Armor","\A3\ui_f\data\map\markers\nato\n_armor.paa","YES","2",""
"308.","n_art","Artillery","\A3\ui_f\data\map\markers\nato\n_art.paa","YES","2",""
"309.","n_hq","HQ","\A3\ui_f\data\map\markers\nato\n_hq.paa","YES","2",""
"310.","n_inf","Infantry","\A3\ui_f\data\map\markers\nato\n_inf.paa","YES","2",""
"311.","n_installation","Installation","\A3\ui_f\data\map\markers\nato\n_installation.paa","YES","2",""
"312.","n_maint","Maintenance","\A3\ui_f\data\map\markers\nato\n_maint.paa","YES","2",""
"313.","n_mech_inf","Mechanized","\A3\ui_f\data\map\markers\nato\n_mech_inf.paa","YES","2",""
"314.","n_med","Medical","\A3\ui_f\data\map\markers\nato\n_med.paa","YES","2",""
"315.","n_mortar","Mortar","\A3\ui_f\data\map\markers\nato\n_mortar.paa","YES","2",""
"316.","n_motor_inf","Motorized","\A3\ui_f\data\map\markers\nato\n_motor_inf.paa","YES","2",""
"317.","n_naval","Naval","\A3\ui_f\data\map\markers\nato\n_naval.paa","YES","2",""
"318.","n_Ordnance","Ordnance","\a3\UI_F_Orange\Data\CfgMarkers\n_Ordnance_ca.paa","YES","2","Icon|orange|24"
"319.","n_plane","Plane","\A3\ui_f\data\map\markers\nato\n_plane.paa","YES","2",""
"320.","n_recon","Recon","\A3\ui_f\data\map\markers\nato\n_recon.paa","YES","2",""
"321.","n_service","Service","\A3\ui_f\data\map\markers\nato\n_service.paa","YES","2",""
"322.","n_support","Support","\A3\ui_f\data\map\markers\nato\n_support.paa","YES","2",""
"323.","n_uav","UAV","\A3\ui_f\data\map\markers\nato\n_uav.paa","YES","2",""
"324.","n_unknown","Unknown","\A3\ui_f\data\map\markers\nato\n_unknown.paa","YES","2",""
"325.","o_air","Helicopter","\A3\ui_f\data\map\markers\nato\o_air.paa","YES","2",""
"326.","o_antiair","Anti-Air","\A3\ui_f\data\map\markers\nato\o_antiair.paa","YES","2",""
"327.","o_armor","Armor","\A3\ui_f\data\map\markers\nato\o_armor.paa","YES","2",""
"328.","o_art","Artillery","\A3\ui_f\data\map\markers\nato\o_art.paa","YES","2",""
"329.","o_hq","HQ","\A3\ui_f\data\map\markers\nato\o_hq.paa","YES","2",""
"330.","o_inf","Infantry","\A3\ui_f\data\map\markers\nato\o_inf.paa","YES","2",""
"331.","o_installation","Installation","\A3\ui_f\data\map\markers\nato\o_installation.paa","YES","2",""
"332.","o_maint","Maintenance","\A3\ui_f\data\map\markers\nato\o_maint.paa","YES","2",""
"333.","o_mech_inf","Mechanized","\A3\ui_f\data\map\markers\nato\o_mech_inf.paa","YES","2",""
"334.","o_med","Medical","\A3\ui_f\data\map\markers\nato\o_med.paa","YES","2",""
"335.","o_mortar","Mortar","\A3\ui_f\data\map\markers\nato\o_mortar.paa","YES","2",""
"336.","o_motor_inf","Motorized","\A3\ui_f\data\map\markers\nato\o_motor_inf.paa","YES","2",""
"337.","o_naval","Naval","\A3\ui_f\data\map\markers\nato\o_naval.paa","YES","2",""
"338.","o_Ordnance","Ordnance","\a3\UI_F_Orange\Data\CfgMarkers\o_Ordnance_ca.paa","YES","2","Icon|orange|24"
"339.","o_plane","Plane","\A3\ui_f\data\map\markers\nato\o_plane.paa","YES","2",""
"340.","o_recon","Recon","\A3\ui_f\data\map\markers\nato\o_recon.paa","YES","2",""
"341.","o_service","Service","\A3\ui_f\data\map\markers\nato\o_service.paa","YES","2",""
"342.","o_support","Support","\A3\ui_f\data\map\markers\nato\o_support.paa","YES","2",""
"343.","o_uav","UAV","\A3\ui_f\data\map\markers\nato\o_uav.paa","YES","2",""
"344.","o_unknown","Unknown","\A3\ui_f\data\map\markers\nato\o_unknown.paa","YES","2",""
"345.","praa_tunnels_baseMarker","praa_tunnels_baseMarker","","YES","0","Icon|@Old but Gold Map Pack|24"
"346.","praa_tunnels_large_bend","large - bend","praa\praa_tunnels\icons\tunnel_large_bend","YES","0","Icon|@Old but Gold Map Pack|24"
"347.","praa_tunnels_large_ramp","large - ramp","praa\praa_tunnels\icons\tunnel_large_ramp","YES","0","Icon|@Old but Gold Map Pack|24"
"348.","praa_tunnels_large_room_1door","large - room_1door","praa\praa_tunnels\icons\tunnel_large_room_1door","YES","0","Icon|@Old but Gold Map Pack|24"
"349.","praa_tunnels_large_room_2doors","large - room_2doors","praa\praa_tunnels\icons\tunnel_large_room_2doors","YES","0","Icon|@Old but Gold Map Pack|24"
"350.","praa_tunnels_large_room_4doors","large - room_4doors","praa\praa_tunnels\icons\tunnel_large_room_4doors","YES","0","Icon|@Old but Gold Map Pack|24"
"351.","praa_tunnels_large_S_bend","large - S_bend","praa\praa_tunnels\icons\tunnel_large_S_bend","YES","0","Icon|@Old but Gold Map Pack|24"
"352.","praa_tunnels_large_winding","large - winding","praa\praa_tunnels\icons\tunnel_large_winding","YES","0","Icon|@Old but Gold Map Pack|24"
"353.","praa_tunnels_small_bend","small - bend","praa\praa_tunnels\icons\tunnel_small_bend","YES","0","Icon|@Old but Gold Map Pack|24"
"354.","praa_tunnels_small_intersection","small - intersection","praa\praa_tunnels\icons\tunnel_small_intersection","YES","0","Icon|@Old but Gold Map Pack|24"
"355.","praa_tunnels_small_ledge","small - ledge","praa\praa_tunnels\icons\tunnel_small_ledge","YES","0","Icon|@Old but Gold Map Pack|24"
"356.","praa_tunnels_small_long_deadend","small - long deadend","praa\praa_tunnels\icons\tunnel_small_long_deadend","YES","0","Icon|@Old but Gold Map Pack|24"
"357.","praa_tunnels_small_ramp","small - ramp","praa\praa_tunnels\icons\tunnel_small_ramp","YES","0","Icon|@Old but Gold Map Pack|24"
"358.","praa_tunnels_small_short_deadend","small - short deadend","praa\praa_tunnels\icons\tunnel_small_short_deadend","YES","0","Icon|@Old but Gold Map Pack|24"
"359.","praa_tunnels_small_straight","small - straight","praa\praa_tunnels\icons\tunnel_small_straight","YES","0","Icon|@Old but Gold Map Pack|24"
"360.","praa_tunnels_small_T_junction","small - T junction","praa\praa_tunnels\icons\tunnel_small_T_junction","YES","0","Icon|@Old but Gold Map Pack|24"
"361.","RedCrystal","Red Crystal","\A3\ui_f_orange\data\cfgmarkers\redcrystal_ca.paa","NO","2","Icon|orange|24"
"362.","respawn_air","Helicopter Respawn","\A3\ui_f\data\map\markers\nato\respawn_air_ca.paa","YES","1",""
"363.","respawn_armor","Armor Respawn","\A3\ui_f\data\map\markers\nato\respawn_armor_ca.paa","YES","1",""
"364.","respawn_inf","Infantry Respawn","\A3\ui_f\data\map\markers\nato\respawn_inf_ca.paa","YES","1",""
"365.","respawn_motor","Car Respawn","\A3\ui_f\data\map\markers\nato\respawn_motor_ca.paa","YES","1",""
"366.","respawn_naval","Naval Respawn","\A3\ui_f\data\map\markers\nato\respawn_naval_ca.paa","YES","1",""
"367.","respawn_para","Airborne Respawn","\A3\ui_f\data\map\markers\nato\respawn_para_ca.paa","YES","1",""
"368.","respawn_plane","Plane Respawn","\A3\ui_f\data\map\markers\nato\respawn_plane_ca.paa","YES","1",""
"369.","respawn_unknown","Respawn","\A3\ui_f\data\map\markers\nato\respawn_unknown_ca.paa","YES","1",""
"370.","rhs_flag_Abk","Abkhazia","\rhsafrf\addons\rhs_main\data\flag_map\Flag_abk_CO.paa","YES","1","Icon|@RHSAFRF|24"
"371.","rhs_flag_che","Chechen Republic","\rhsafrf\addons\rhs_main\data\flag_map\Flag_che_CO.paa","YES","1","Icon|@RHSAFRF|24"
"372.","rhs_flag_DNR","DNR","\rhsafrf\addons\rhs_main\data\flag_map\Flag_dnr_CO.paa","YES","1","Icon|@RHSAFRF|24"
"373.","rhs_flag_insurgents","Insurgents","\rhsgref\addons\rhsgref_main\data\Flags\flag_NAPA_co.paa","YES","1","Icon|@RHSAFRF|24"
"374.","rhs_flag_LNR","LNR","\rhsafrf\addons\rhs_main\data\flag_map\Flag_lnr_CO.paa","YES","1","Icon|@RHSAFRF|24"
"375.","rhs_flag_Ose","North Ossetia","\rhsafrf\addons\rhs_main\data\flag_map\Flag_ose_CO.paa","YES","1","Icon|@RHSAFRF|24"
"376.","rhs_flag_Russia","Russia","\rhsafrf\addons\rhs_main\data\flag_map\Flag_rus_CO.paa","YES","1","Icon|@RHSAFRF|24"
"377.","rhs_flag_trn","Transnistria","\rhsafrf\addons\rhs_main\data\flag_map\Flag_trn_CO.paa","YES","1","Icon|@RHSAFRF|24"
"378.","rhs_flag_USA","USA","\rhsusf\addons\rhsusf_main\data\flag_map\flag_us_co.paa","YES","1","Icon|@RHSUSAF|24"
"379.","rhs_flag_vdv","Russia - VDV","\rhsafrf\addons\rhs_main\data\flag_map\Flag_vdv_CO.paa","YES","1","Icon|@RHSAFRF|24"
"380.","rhs_flag_vmf","VMF","\rhsafrf\addons\rhs_main\data\flag_map\Flag_vmf_CO.paa","YES","1","Icon|@RHSAFRF|24"
"381.","rhssaf_flag_serbia","Serbia","\rhssaf\addons\rhssaf_main\data\flags\flag_serbia_co.paa","YES","1","Icon|@RHSSAF|24"
"382.","rhssaf_flag_yugoslavia","Yugoslavia","\rhssaf\addons\rhssaf_main\data\flags\flag_yugoslavia_co.paa","YES","1","Icon|@RHSSAF|24"
"383.","Select","Select","\A3\ui_f\data\igui\cfg\islandmap\iconplayer_ca.paa","YES","1",""
"384.","selector_selectable","Selector - Selectable","\A3\ui_f\data\map\groupicons\selector_selectable_ca.paa","YES","1",""
"385.","selector_selectedEnemy","Selector - Selected Enemy","\A3\ui_f\data\map\groupicons\selector_selectedEnemy_ca.paa","YES","1",""
"386.","selector_selectedFriendly","Selector - Selected Friendly","\A3\ui_f\data\map\groupicons\selector_selectedFriendly_ca.paa","YES","1",""
"387.","selector_selectedMission","Selector - Selected Mission","\A3\ui_f\data\map\groupicons\selector_selectedMission_ca.paa","YES","1",""
"388.","u_installation","Installation","\A3\ui_f\data\map\markers\nato\u_installation.paa","YES","2",""
"389.","vk_b_aa","Unknown","\x\vk_mods\addons\markers\data\b\b_aa.paa","YES","0","Icon|@GCMisc|24"
"390.","vk_b_airunit","Unknown","\x\vk_mods\addons\markers\data\b\b_airunit.paa","YES","0","Icon|@GCMisc|24"
"391.","vk_b_amphib","Unknown","\x\vk_mods\addons\markers\data\b\b_amphib.paa","YES","0","Icon|@GCMisc|24"
"392.","vk_b_at","Unknown","\x\vk_mods\addons\markers\data\b\b_at.paa","YES","0","Icon|@GCMisc|24"
"393.","vk_b_empty","Unknown","\x\vk_mods\addons\markers\data\b\b_box.paa","YES","0","Icon|@GCMisc|24"
"394.","vk_b_groundunit","Unknown","\x\vk_mods\addons\markers\data\b\b_groundunit.paa","YES","0","Icon|@GCMisc|24"
"395.","vk_b_group_0","Unknown","\x\vk_mods\addons\markers\data\b\group\b_group_0.paa","YES","0","Icon|@GCMisc|24"
"396.","vk_b_group_1","Unknown","\x\vk_mods\addons\markers\data\b\group\b_group_1.paa","YES","0","Icon|@GCMisc|24"
"397.","vk_b_group_10","Unknown","\x\vk_mods\addons\markers\data\b\group\b_group_10.paa","YES","0","Icon|@GCMisc|24"
"398.","vk_b_group_11","Unknown","\x\vk_mods\addons\markers\data\b\group\b_group_11.paa","YES","0","Icon|@GCMisc|24"
"399.","vk_b_group_2","Unknown","\x\vk_mods\addons\markers\data\b\group\b_group_2.paa","YES","0","Icon|@GCMisc|24"
"400.","vk_b_group_3","Unknown","\x\vk_mods\addons\markers\data\b\group\b_group_3.paa","YES","0","Icon|@GCMisc|24"
"401.","vk_b_group_4","Unknown","\x\vk_mods\addons\markers\data\b\group\b_group_4.paa","YES","0","Icon|@GCMisc|24"
"402.","vk_b_group_5","Unknown","\x\vk_mods\addons\markers\data\b\group\b_group_5.paa","YES","0","Icon|@GCMisc|24"
"403.","vk_b_group_6","Unknown","\x\vk_mods\addons\markers\data\b\group\b_group_6.paa","YES","0","Icon|@GCMisc|24"
"404.","vk_b_group_7","Unknown","\x\vk_mods\addons\markers\data\b\group\b_group_7.paa","YES","0","Icon|@GCMisc|24"
"405.","vk_b_group_8","Unknown","\x\vk_mods\addons\markers\data\b\group\b_group_8.paa","YES","0","Icon|@GCMisc|24"
"406.","vk_b_group_9","Unknown","\x\vk_mods\addons\markers\data\b\group\b_group_9.paa","YES","0","Icon|@GCMisc|24"
"407.","vk_b_hq","Unknown","\x\vk_mods\addons\markers\data\b\b_hq.paa","YES","0","Icon|@GCMisc|24"
"408.","vk_b_ifv","Unknown","\x\vk_mods\addons\markers\data\b\b_ifv.paa","YES","0","Icon|@GCMisc|24"
"409.","vk_b_inf","Unknown","\x\vk_mods\addons\markers\data\b\b_inf.paa","YES","0","Icon|@GCMisc|24"
"410.","vk_b_inst","Unknown","\x\vk_mods\addons\markers\data\b\b_inst.paa","YES","0","Icon|@GCMisc|24"
"411.","vk_b_medic","Unknown","\x\vk_mods\addons\markers\data\b\b_medic.paa","YES","0","Icon|@GCMisc|24"
"412.","vk_b_motor","Unknown","\x\vk_mods\addons\markers\data\b\b_motor.paa","YES","0","Icon|@GCMisc|24"
"413.","vk_b_recon","Unknown","\x\vk_mods\addons\markers\data\b\b_recon.paa","YES","0","Icon|@GCMisc|24"
"414.","vk_b_signals","Unknown","\x\vk_mods\addons\markers\data\b\b_signals.paa","YES","0","Icon|@GCMisc|24"
"415.","vk_b_supply","Unknown","\x\vk_mods\addons\markers\data\b\b_supply.paa","YES","0","Icon|@GCMisc|24"
"416.","vk_hd_smallDot","Small Dot","\x\vk_mods\addons\markers\data\simple\hd_smallDot.paa","NO","2","Icon|@GCMisc|24"
"417.","vk_igConvert","Special","\A3\ui_f\data\map\markers\system\empty_ca.paa","YES","0","Icon|@GCMisc|24"
"418.","vk_n_aa","Unknown","\x\vk_mods\addons\markers\data\n\n_aa.paa","YES","0","Icon|@GCMisc|24"
"419.","vk_n_airassault","Unknown","\x\vk_mods\addons\markers\data\n\n_airassault.paa","YES","0","Icon|@GCMisc|24"
"420.","vk_n_airunit","Unknown","\x\vk_mods\addons\markers\data\n\n_airunit.paa","YES","0","Icon|@GCMisc|24"
"421.","vk_n_amphib","Unknown","\x\vk_mods\addons\markers\data\n\n_amphib.paa","YES","0","Icon|@GCMisc|24"
"422.","vk_n_armor","Unknown","\x\vk_mods\addons\markers\data\n\n_armor.paa","YES","0","Icon|@GCMisc|24"
"423.","vk_n_at","Unknown","\x\vk_mods\addons\markers\data\n\n_at.paa","YES","0","Icon|@GCMisc|24"
"424.","vk_n_empty","Unknown","\x\vk_mods\addons\markers\data\n\n_box.paa","YES","0","Icon|@GCMisc|24"
"425.","vk_n_engarmor","Unknown","\x\vk_mods\addons\markers\data\n\n_engarmor.paa","YES","0","Icon|@GCMisc|24"
"426.","vk_n_fixed","Unknown","\x\vk_mods\addons\markers\data\n\air\n_fixed.paa","YES","0","Icon|@GCMisc|24"
"427.","vk_n_groundunit","Unknown","\x\vk_mods\addons\markers\data\n\n_groundunit.paa","YES","0","Icon|@GCMisc|24"
"428.","vk_n_group_0","Unknown","\x\vk_mods\addons\markers\data\n\group\n_group_0.paa","YES","0","Icon|@GCMisc|24"
"429.","vk_n_group_1","Unknown","\x\vk_mods\addons\markers\data\n\group\n_group_1.paa","YES","0","Icon|@GCMisc|24"
"430.","vk_n_group_10","Unknown","\x\vk_mods\addons\markers\data\n\group\n_group_10.paa","YES","0","Icon|@GCMisc|24"
"431.","vk_n_group_11","Unknown","\x\vk_mods\addons\markers\data\n\group\n_group_11.paa","YES","0","Icon|@GCMisc|24"
"432.","vk_n_group_2","Unknown","\x\vk_mods\addons\markers\data\n\group\n_group_2.paa","YES","0","Icon|@GCMisc|24"
"433.","vk_n_group_3","Unknown","\x\vk_mods\addons\markers\data\n\group\n_group_3.paa","YES","0","Icon|@GCMisc|24"
"434.","vk_n_group_4","Unknown","\x\vk_mods\addons\markers\data\n\group\n_group_4.paa","YES","0","Icon|@GCMisc|24"
"435.","vk_n_group_5","Unknown","\x\vk_mods\addons\markers\data\n\group\n_group_5.paa","YES","0","Icon|@GCMisc|24"
"436.","vk_n_group_6","Unknown","\x\vk_mods\addons\markers\data\n\group\n_group_6.paa","YES","0","Icon|@GCMisc|24"
"437.","vk_n_group_7","Unknown","\x\vk_mods\addons\markers\data\n\group\n_group_7.paa","YES","0","Icon|@GCMisc|24"
"438.","vk_n_group_8","Unknown","\x\vk_mods\addons\markers\data\n\group\n_group_8.paa","YES","0","Icon|@GCMisc|24"
"439.","vk_n_group_9","Unknown","\x\vk_mods\addons\markers\data\n\group\n_group_9.paa","YES","0","Icon|@GCMisc|24"
"440.","vk_n_hq","Unknown","\x\vk_mods\addons\markers\data\n\n_hq.paa","YES","0","Icon|@GCMisc|24"
"441.","vk_n_ifv","Unknown","\x\vk_mods\addons\markers\data\n\n_ifv.paa","YES","0","Icon|@GCMisc|24"
"442.","vk_n_inf","Unknown","\x\vk_mods\addons\markers\data\n\n_inf.paa","YES","0","Icon|@GCMisc|24"
"443.","vk_n_inst","Unknown","\x\vk_mods\addons\markers\data\n\n_inst.paa","YES","0","Icon|@GCMisc|24"
"444.","vk_n_maintarmor","Unknown","\x\vk_mods\addons\markers\data\n\n_maintarmor.paa","YES","0","Icon|@GCMisc|24"
"445.","vk_n_medic","Unknown","\x\vk_mods\addons\markers\data\n\n_medic.paa","YES","0","Icon|@GCMisc|24"
"446.","vk_n_motor","Unknown","\x\vk_mods\addons\markers\data\n\n_motor.paa","YES","0","Icon|@GCMisc|24"
"447.","vk_n_recon","Unknown","\x\vk_mods\addons\markers\data\n\n_recon.paa","YES","0","Icon|@GCMisc|24"
"448.","vk_n_rotary","Unknown","\x\vk_mods\addons\markers\data\n\air\n_rotary.paa","YES","0","Icon|@GCMisc|24"
"449.","vk_n_signals","Unknown","\x\vk_mods\addons\markers\data\n\n_signals.paa","YES","0","Icon|@GCMisc|24"
"450.","vk_n_supply","Unknown","\x\vk_mods\addons\markers\data\n\n_supply.paa","YES","0","Icon|@GCMisc|24"
"451.","vk_o_aa","Unknown","\x\vk_mods\addons\markers\data\o\o_aa.paa","YES","0","Icon|@GCMisc|24"
"452.","vk_o_airunit","Unknown","\x\vk_mods\addons\markers\data\o\o_airunit.paa","YES","0","Icon|@GCMisc|24"
"453.","vk_o_amphib","Unknown","\x\vk_mods\addons\markers\data\o\o_amphib.paa","YES","0","Icon|@GCMisc|24"
"454.","vk_o_at","Unknown","\x\vk_mods\addons\markers\data\o\o_at.paa","YES","0","Icon|@GCMisc|24"
"455.","vk_o_empty","Unknown","\x\vk_mods\addons\markers\data\o\o_box.paa","YES","0","Icon|@GCMisc|24"
"456.","vk_o_groundunit","Unknown","\x\vk_mods\addons\markers\data\o\o_groundunit.paa","YES","0","Icon|@GCMisc|24"
"457.","vk_o_group_0","Unknown","\x\vk_mods\addons\markers\data\o\group\o_group_0.paa","YES","0","Icon|@GCMisc|24"
"458.","vk_o_group_1","Unknown","\x\vk_mods\addons\markers\data\o\group\o_group_1.paa","YES","0","Icon|@GCMisc|24"
"459.","vk_o_group_10","Unknown","\x\vk_mods\addons\markers\data\o\group\o_group_10.paa","YES","0","Icon|@GCMisc|24"
"460.","vk_o_group_11","Unknown","\x\vk_mods\addons\markers\data\o\group\o_group_11.paa","YES","0","Icon|@GCMisc|24"
"461.","vk_o_group_2","Unknown","\x\vk_mods\addons\markers\data\o\group\o_group_2.paa","YES","0","Icon|@GCMisc|24"
"462.","vk_o_group_3","Unknown","\x\vk_mods\addons\markers\data\o\group\o_group_3.paa","YES","0","Icon|@GCMisc|24"
"463.","vk_o_group_4","Unknown","\x\vk_mods\addons\markers\data\o\group\o_group_4.paa","YES","0","Icon|@GCMisc|24"
"464.","vk_o_group_5","Unknown","\x\vk_mods\addons\markers\data\o\group\o_group_5.paa","YES","0","Icon|@GCMisc|24"
"465.","vk_o_group_6","Unknown","\x\vk_mods\addons\markers\data\o\group\o_group_6.paa","YES","0","Icon|@GCMisc|24"
"466.","vk_o_group_7","Unknown","\x\vk_mods\addons\markers\data\o\group\o_group_7.paa","YES","0","Icon|@GCMisc|24"
"467.","vk_o_group_8","Unknown","\x\vk_mods\addons\markers\data\o\group\o_group_8.paa","YES","0","Icon|@GCMisc|24"
"468.","vk_o_group_9","Unknown","\x\vk_mods\addons\markers\data\o\group\o_group_9.paa","YES","0","Icon|@GCMisc|24"
"469.","vk_o_hq","Unknown","\x\vk_mods\addons\markers\data\o\o_hq.paa","YES","0","Icon|@GCMisc|24"
"470.","vk_o_ifv","Unknown","\x\vk_mods\addons\markers\data\o\o_ifv.paa","YES","0","Icon|@GCMisc|24"
"471.","vk_o_inf","Unknown","\x\vk_mods\addons\markers\data\o\o_inf.paa","YES","0","Icon|@GCMisc|24"
"472.","vk_o_inst","Unknown","\x\vk_mods\addons\markers\data\o\o_inst.paa","YES","0","Icon|@GCMisc|24"
"473.","vk_o_medic","Unknown","\x\vk_mods\addons\markers\data\o\o_medic.paa","YES","0","Icon|@GCMisc|24"
"474.","vk_o_motor","Unknown","\x\vk_mods\addons\markers\data\o\o_motor.paa","YES","0","Icon|@GCMisc|24"
"475.","vk_o_recon","Unknown","\x\vk_mods\addons\markers\data\o\o_recon.paa","YES","0","Icon|@GCMisc|24"
"476.","vk_o_signals","Unknown","\x\vk_mods\addons\markers\data\o\o_signals.paa","YES","0","Icon|@GCMisc|24"
"477.","vk_o_supply","Unknown","\x\vk_mods\addons\markers\data\o\o_supply.paa","YES","0","Icon|@GCMisc|24"
"478.","vk_s_1","Unknown","\x\vk_mods\addons\markers\data\s\left\s_1.paa","YES","0","Icon|@GCMisc|24"
"479.","vk_s_2","Unknown","\x\vk_mods\addons\markers\data\s\left\s_2.paa","YES","0","Icon|@GCMisc|24"
"480.","vk_s_3","Unknown","\x\vk_mods\addons\markers\data\s\left\s_3.paa","YES","0","Icon|@GCMisc|24"
"481.","vk_s_4","Unknown","\x\vk_mods\addons\markers\data\s\left\s_4.paa","YES","0","Icon|@GCMisc|24"
"482.","vk_s_5","Unknown","\x\vk_mods\addons\markers\data\s\left\s_5.paa","YES","0","Icon|@GCMisc|24"
"483.","vk_s_6","Unknown","\x\vk_mods\addons\markers\data\s\left\s_6.paa","YES","0","Icon|@GCMisc|24"
"484.","vk_s_7","Unknown","\x\vk_mods\addons\markers\data\s\left\s_7.paa","YES","0","Icon|@GCMisc|24"
"485.","vk_s_8","Unknown","\x\vk_mods\addons\markers\data\s\left\s_8.paa","YES","0","Icon|@GCMisc|24"
"486.","vk_s_9","Unknown","\x\vk_mods\addons\markers\data\s\left\s_9.paa","YES","0","Icon|@GCMisc|24"
"487.","vk_s_a","Unknown","\x\vk_mods\addons\markers\data\s\left\s_a.paa","YES","0","Icon|@GCMisc|24"
"488.","vk_s_aaa","Unknown","\x\vk_mods\addons\markers\data\s\s_aaa.paa","YES","0","Icon|@GCMisc|24"
"489.","vk_s_ABF","Attack by Fire","\x\vk_mods\addons\markers\data\simple\ABF.paa","YES","2","Icon|@GCMisc|24"
"490.","vk_s_airassault","Unknown","\x\vk_mods\addons\markers\data\s\s_airassault.paa","YES","0","Icon|@GCMisc|24"
"491.","vk_s_airborne","Unknown","\x\vk_mods\addons\markers\data\s\s_airborne.paa","YES","0","Icon|@GCMisc|24"
"492.","vk_s_airmed","Unknown","\x\vk_mods\addons\markers\data\s\air\s_airmed.paa","YES","0","Icon|@GCMisc|24"
"493.","vk_s_airsof","Unknown","\x\vk_mods\addons\markers\data\s\air\s_airsof.paa","YES","0","Icon|@GCMisc|24"
"494.","vk_s_armor","Unknown","\x\vk_mods\addons\markers\data\s\s_armor.paa","YES","0","Icon|@GCMisc|24"
"495.","vk_s_armoraa","Unknown","\x\vk_mods\addons\markers\data\s\s_armoraa.paa","YES","0","Icon|@GCMisc|24"
"496.","vk_s_arty","Unknown","\x\vk_mods\addons\markers\data\s\s_arty.paa","YES","0","Icon|@GCMisc|24"
"497.","vk_s_attack","Unknown","\x\vk_mods\addons\markers\data\s\air\s_attack.paa","YES","0","Icon|@GCMisc|24"
"498.","vk_s_b","Unknown","\x\vk_mods\addons\markers\data\s\left\s_b.paa","YES","0","Icon|@GCMisc|24"
"499.","vk_s_c","Unknown","\x\vk_mods\addons\markers\data\s\left\s_c.paa","YES","0","Icon|@GCMisc|24"
"500.","vk_s_cargo","Unknown","\x\vk_mods\addons\markers\data\s\air\s_cargo.paa","YES","0","Icon|@GCMisc|24"
"501.","vk_s_d","Unknown","\x\vk_mods\addons\markers\data\s\left\s_d.paa","YES","0","Icon|@GCMisc|24"
"502.","vk_s_damaged","Unknown","\x\vk_mods\addons\markers\data\s\s_damaged.paa","YES","0","Icon|@GCMisc|24"
"503.","vk_s_destroyed","Unknown","\x\vk_mods\addons\markers\data\s\s_destroyed.paa","YES","0","Icon|@GCMisc|24"
"504.","vk_s_e","Unknown","\x\vk_mods\addons\markers\data\s\left\s_e.paa","YES","0","Icon|@GCMisc|24"
"505.","vk_s_empty","Unknown","\A3\ui_f\data\map\markers\nato\n_unknown.paa","YES","0","Icon|@GCMisc|24"
"506.","vk_s_eng","Unknown","\x\vk_mods\addons\markers\data\s\s_eng.paa","YES","0","Icon|@GCMisc|24"
"507.","vk_s_engarmor","Unknown","\x\vk_mods\addons\markers\data\s\s_engarmor.paa","YES","0","Icon|@GCMisc|24"
"508.","vk_s_f","Unknown","\x\vk_mods\addons\markers\data\s\left\s_f.paa","YES","0","Icon|@GCMisc|24"
"509.","vk_s_fixed","Unknown","\x\vk_mods\addons\markers\data\s\air\s_fixed.paa","YES","0","Icon|@GCMisc|24"
"510.","vk_s_g","Unknown","\x\vk_mods\addons\markers\data\s\left\s_g.paa","YES","0","Icon|@GCMisc|24"
"511.","vk_s_h","Unknown","\x\vk_mods\addons\markers\data\s\left\s_h.paa","YES","0","Icon|@GCMisc|24"
"512.","vk_s_heavy","Unknown","\x\vk_mods\addons\markers\data\s\air\s_heavy.paa","YES","0","Icon|@GCMisc|24"
"513.","vk_s_I","Unknown","\x\vk_mods\addons\markers\data\s\left\s_I.paa","YES","0","Icon|@GCMisc|24"
"514.","vk_s_II","Unknown","\x\vk_mods\addons\markers\data\s\left\s_II.paa","YES","0","Icon|@GCMisc|24"
"515.","vk_s_III","Unknown","\x\vk_mods\addons\markers\data\s\left\s_III.paa","YES","0","Icon|@GCMisc|24"
"516.","vk_s_IV","Unknown","\x\vk_mods\addons\markers\data\s\left\s_IV.paa","YES","0","Icon|@GCMisc|24"
"517.","vk_s_j","Unknown","\x\vk_mods\addons\markers\data\s\left\s_j.paa","YES","0","Icon|@GCMisc|24"
"518.","vk_s_k","Unknown","\x\vk_mods\addons\markers\data\s\left\s_k.paa","YES","0","Icon|@GCMisc|24"
"519.","vk_s_l","Unknown","\x\vk_mods\addons\markers\data\s\left\s_l.paa","YES","0","Icon|@GCMisc|24"
"520.","vk_s_light","Unknown","\x\vk_mods\addons\markers\data\s\air\s_light.paa","YES","0","Icon|@GCMisc|24"
"521.","vk_s_m","Unknown","\x\vk_mods\addons\markers\data\s\left\s_m.paa","YES","0","Icon|@GCMisc|24"
"522.","vk_s_maint","Unknown","\x\vk_mods\addons\markers\data\s\s_maint.paa","YES","0","Icon|@GCMisc|24"
"523.","vk_s_maintarmor","Unknown","\x\vk_mods\addons\markers\data\s\s_maintarmor.paa","YES","0","Icon|@GCMisc|24"
"524.","vk_s_medium","Unknown","\x\vk_mods\addons\markers\data\s\air\s_medium.paa","YES","0","Icon|@GCMisc|24"
"525.","vk_s_mlrs","Unknown","\x\vk_mods\addons\markers\data\s\s_mlrs.paa","YES","0","Icon|@GCMisc|24"
"526.","vk_s_mortar","Unknown","\x\vk_mods\addons\markers\data\s\s_mortar.paa","YES","0","Icon|@GCMisc|24"
"527.","vk_s_reduced","Unknown","\x\vk_mods\addons\markers\data\s\s_reduced.paa","YES","0","Icon|@GCMisc|24"
"528.","vk_s_reinforced","Unknown","\x\vk_mods\addons\markers\data\s\s_reinforced.paa","YES","0","Icon|@GCMisc|24"
"529.","vk_s_rereduced","Unknown","\x\vk_mods\addons\markers\data\s\s_rereduced.paa","YES","0","Icon|@GCMisc|24"
"530.","vk_s_rescue","Unknown","\x\vk_mods\addons\markers\data\s\air\s_rescue.paa","YES","0","Icon|@GCMisc|24"
"531.","vk_s_rotary","Unknown","\x\vk_mods\addons\markers\data\s\air\s_rotary.paa","YES","0","Icon|@GCMisc|24"
"532.","vk_s_sam","Unknown","\x\vk_mods\addons\markers\data\s\s_sam.paa","YES","0","Icon|@GCMisc|24"
"533.","vk_s_SBF","Support by Fire","\x\vk_mods\addons\markers\data\simple\SBF.paa","YES","2","Icon|@GCMisc|24"
"534.","vk_s_scout","Unknown","\x\vk_mods\addons\markers\data\s\air\s_scout.paa","YES","0","Icon|@GCMisc|24"
"535.","vk_s_sf","Unknown","\x\vk_mods\addons\markers\data\s\s_sf.paa","YES","0","Icon|@GCMisc|24"
"536.","vk_s_sof","Unknown","\x\vk_mods\addons\markers\data\s\s_sof.paa","YES","0","Icon|@GCMisc|24"
"537.","vk_s_text","Unknown","\x\vk_mods\addons\markers\data\s\s_text.paa","YES","0","Icon|@GCMisc|24"
"538.","vk_s_uav","Unknown","\x\vk_mods\addons\markers\data\s\air\s_uav.paa","YES","0","Icon|@GCMisc|24"
"539.","vk_s_utility","Unknown","\x\vk_mods\addons\markers\data\s\air\s_utility.paa","YES","0","Icon|@GCMisc|24"
"540.","vk_s_V","Unknown","\x\vk_mods\addons\markers\data\s\left\s_V.paa","YES","0","Icon|@GCMisc|24"
"541.","vk_s_VI","Unknown","\x\vk_mods\addons\markers\data\s\left\s_VI.paa","YES","0","Icon|@GCMisc|24"
"542.","vk_s_vstol","Unknown","\x\vk_mods\addons\markers\data\s\air\s_vstol.paa","YES","0","Icon|@GCMisc|24"
"543.","vk_s_wheeled","Unknown","\x\vk_mods\addons\markers\data\s\s_wheeled.paa","YES","0","Icon|@GCMisc|24"
"544.","vk_u_aa","Unknown","\x\vk_mods\addons\markers\data\u\u_aa.paa","YES","0","Icon|@GCMisc|24"
"545.","vk_u_airunit","Unknown","\x\vk_mods\addons\markers\data\u\u_airunit.paa","YES","0","Icon|@GCMisc|24"
"546.","vk_u_amphib","Unknown","\x\vk_mods\addons\markers\data\u\u_amphib.paa","YES","0","Icon|@GCMisc|24"
"547.","vk_u_at","Unknown","\x\vk_mods\addons\markers\data\u\u_at.paa","YES","0","Icon|@GCMisc|24"
"548.","vk_u_empty","Unknown","\x\vk_mods\addons\markers\data\u\u_box.paa","YES","0","Icon|@GCMisc|24"
"549.","vk_u_groundunit","Unknown","\x\vk_mods\addons\markers\data\u\u_groundunit.paa","YES","0","Icon|@GCMisc|24"
"550.","vk_u_hq","Unknown","\x\vk_mods\addons\markers\data\u\u_hq.paa","YES","0","Icon|@GCMisc|24"
"551.","vk_u_ifv","Unknown","\x\vk_mods\addons\markers\data\u\u_ifv.paa","YES","0","Icon|@GCMisc|24"
"552.","vk_u_inf","Unknown","\x\vk_mods\addons\markers\data\u\u_inf.paa","YES","0","Icon|@GCMisc|24"
"553.","vk_u_inst","Unknown","\x\vk_mods\addons\markers\data\u\u_inst.paa","YES","0","Icon|@GCMisc|24"
"554.","vk_u_medic","Unknown","\x\vk_mods\addons\markers\data\u\u_medic.paa","YES","0","Icon|@GCMisc|24"
"555.","vk_u_motor","Unknown","\x\vk_mods\addons\markers\data\u\u_motor.paa","YES","0","Icon|@GCMisc|24"
"556.","vk_u_recon","Unknown","\x\vk_mods\addons\markers\data\u\u_recon.paa","YES","0","Icon|@GCMisc|24"
"557.","vk_u_signals","Unknown","\x\vk_mods\addons\markers\data\u\u_signals.paa","YES","0","Icon|@GCMisc|24"
"558.","vk_u_supply","Unknown","\x\vk_mods\addons\markers\data\u\u_supply.paa","YES","0","Icon|@GCMisc|24"
"559.","vk_v_empty","Unknown","\A3\ui_f\data\map\markers\nato\n_unknown.paa","YES","0","Icon|@GCMisc|24"
"560.","vk_v_fattack","Unknown","\x\vk_mods\addons\markers\data\v\v_fattack.paa","YES","0","Icon|@GCMisc|24"
"561.","vk_v_fcargo","Unknown","\x\vk_mods\addons\markers\data\v\v_fcargo.paa","YES","0","Icon|@GCMisc|24"
"562.","vk_v_fighter","Unknown","\x\vk_mods\addons\markers\data\v\v_fighter.paa","YES","0","Icon|@GCMisc|24"
"563.","vk_v_fuav","Unknown","\x\vk_mods\addons\markers\data\v\v_fuav.paa","YES","0","Icon|@GCMisc|24"
"564.","vk_v_rotary","Unknown","\x\vk_mods\addons\markers\data\v\v_rotary.paa","YES","0","Icon|@GCMisc|24"
"565.","vk_v_uaaa","Unknown","\x\vk_mods\addons\markers\data\v\v_uaaa.paa","YES","0","Icon|@GCMisc|24"
"566.","vk_v_uaaa_sp","Unknown","\x\vk_mods\addons\markers\data\v\v_uaaa_sp.paa","YES","0","Icon|@GCMisc|24"
"567.","vk_v_uapc","Unknown","\x\vk_mods\addons\markers\data\v\v_uapc.paa","YES","0","Icon|@GCMisc|24"
"568.","vk_v_uapc_w","Unknown","\x\vk_mods\addons\markers\data\v\v_uapc_w.paa","YES","0","Icon|@GCMisc|24"
"569.","vk_v_uarty","Unknown","\x\vk_mods\addons\markers\data\v\v_uarty.paa","YES","0","Icon|@GCMisc|24"
"570.","vk_v_uarty_sp","Unknown","\x\vk_mods\addons\markers\data\v\v_uarty_sp.paa","YES","0","Icon|@GCMisc|24"
"571.","vk_v_uifv","Unknown","\x\vk_mods\addons\markers\data\v\v_uifv.paa","YES","0","Icon|@GCMisc|24"
"572.","vk_v_uifv_w","Unknown","\x\vk_mods\addons\markers\data\v\v_uifv_w.paa","YES","0","Icon|@GCMisc|24"
"573.","vk_v_umedic","Unknown","\x\vk_mods\addons\markers\data\v\v_umedic.paa","YES","0","Icon|@GCMisc|24"
"574.","vk_v_umlrs","Unknown","\x\vk_mods\addons\markers\data\v\v_umlrs.paa","YES","0","Icon|@GCMisc|24"
"575.","vk_v_umortar","Unknown","\x\vk_mods\addons\markers\data\v\v_umortar.paa","YES","0","Icon|@GCMisc|24"
"576.","vk_v_umortar_sp","Unknown","\x\vk_mods\addons\markers\data\v\v_umortar_sp.paa","YES","0","Icon|@GCMisc|24"
"577.","vk_v_usp","Unknown","\x\vk_mods\addons\markers\data\v\v_usp.paa","YES","0","Icon|@GCMisc|24"
"578.","vk_v_utank","Unknown","\x\vk_mods\addons\markers\data\v\v_utank.paa","YES","0","Icon|@GCMisc|24"
"579.","vk_v_utank_h","Unknown","\x\vk_mods\addons\markers\data\v\v_utank_h.paa","YES","0","Icon|@GCMisc|24"
"580.","vk_v_utank_l","Unknown","\x\vk_mods\addons\markers\data\v\v_utank_l.paa","YES","0","Icon|@GCMisc|24"
"581.","vk_v_utank_m","Unknown","\x\vk_mods\addons\markers\data\v\v_utank_m.paa","YES","0","Icon|@GCMisc|24"
"582.","vk_v_uutility","Unknown","\x\vk_mods\addons\markers\data\v\v_uutility.paa","YES","0","Icon|@GCMisc|24"
"583.","vk_v_uwheeled","Unknown","\x\vk_mods\addons\markers\data\v\v_uwheeled.paa","YES","0","Icon|@GCMisc|24"
"584.","VME_AntiAir","Anti-Air","\vme_pla_men2\data\loc_antiair_ca.paa","NO","1","Icon|@VME PLA Mod|24"
"585.","waypoint","Waypoint","\A3\ui_f\data\map\groupicons\waypoint.paa","YES","1",""
"586.","White","White","\A3\ui_f_orange\data\cfgmarkers\white_ca.paa","NO","2","Icon|orange|24"
